Dorsal scaphotriquetral ligament	Ligamento dorsal escafo-triquetra
Dorsal tarsometatarsal ligaments	Ligamentos dorsais tarsometatársicos
Dorsal ulnocarpal ligament	Ligamento dorsal ulnocárpico
External intercostal membrane	Membrana intercostal externa
Fibular collateral ligament	Ligamento colateral fibular
Frenula capsulae	Frênulos da cápsula
Glenoid labrum	Lábio glenoide
Iliolumbar ligament	Ligamento iliolumbar
Inferior glenohumeral ligament	Ligamento glenoumeral inferior
Inferior pubic ligament	Ligamento púbico inferior
Inferior transverse scapular ligament	Ligamento transverso escapular inferior
Infrapatellar fat pad	Coxim gorduroso infrapatelar
Interclavicular ligament	Ligamento interclavicular
Intercornual ligament	Ligamento intercórneo
Intercuneiform interosseous ligaments	Ligamentos interósseos intercuneiformes
Internal intercostal membrane	Membrana intercostal interna
Interosseous membrane of forearm	Membrana interóssea do antebraço
Interosseous membrane of leg	Membrana interóssea da perna
Interosseous metacarpal ligaments	Ligamentos interósseos metacárpicos
Interosseous sacro-iliac ligament	Ligamento interósseo sacroilíaco
Interpubic disc	Disco interpúbico
Intersesamoid ligament	Ligamento intersesamoide
Interspinous ligaments	Ligamentos interespinhosos
Intertransverse ligaments	Ligamentos intertransversários
Intervertebral disc C2-C3	Disco intervertebral C2-C3
Intervertebral disc C3-C4	Disco intervertebral C3-C4
Intervertebral disc C4-C5	Disco intervertebral C4-C5
Intervertebral disc C5-C6	Disco intervertebral C5-C6
Intervertebral disc C6-C7	Disco intervertebral C6-C7
Intervertebral disc C7-T1	Disco intervertebral C7-T1
Intervertebral disc L1-L2	Disco intervertebral L1-L2
Intervertebral disc L2-L3	Disco intervertebral L2-L3
Intervertebral disc L3-L4	Disco intervertebral L3-L4
Intervertebral disc L4-L5	Disco intervertebral L4-L5
Intervertebral disc L5-S1	Disco intervertebral L5-S1
Intervertebral disc T1-T2	Disco intervertebral T1-T2
Intervertebral disc T10-T11	Disco intervertebral T10-T11
Intervertebral disc T11-T12	Disco intervertebral T11-T12
Intervertebral disc T12-L1	Disco intervertebral T12-L1
Intervertebral disc T2-T3	Disco intervertebral T2-T3
Intervertebral disc T3-T4	Disco intervertebral T3-T4
Intervertebral disc T4-T5	Disco intervertebral T4-T5
Intervertebral disc T5-T6	Disco intervertebral T5-T6
Intervertebral disc T6-T7	Disco intervertebral T6-T7
Intervertebral disc T7-T8	Disco intervertebral T7-T8
Intervertebral disc T8-T9	Disco intervertebral T8-T9
Intervertebral disc T9-T10	Disco intervertebral T9-T10
Intra-articular ligament of head of rib	Ligamento intra-articular da cabeça da costela
Ischiofemoral ligament	Ligamento isquiofemoral
Lateral meniscus	Menisco lateral
Lateral talocalcaneal ligament	Ligamento talocalcâneo lateral
Lateral temporomandibular ligament	Ligamento temporomandibular lateral
Lateral thyrohyoid ligament	Ligamento tireoioide lateral
Ligament of head of femur	Ligamento da cabeça do fêmur
Ligamenta flava	Ligamentos amarelos
Long plantar ligament	Ligamento plantar longo
Lunotriquetral interosseous ligament	Ligamento interósseo luno-triquetra
Medial meniscus	Menisco medial
Medial talocalcaneal ligament	Ligamento talocalcâneo medial
Median cricothyroid ligament	Ligamento cricotireóide mediano
Median thyrohyoid ligament	Ligamento tireoioide mediano
Meniscopatellar ligament	Ligamento meniscopatelar
Metatarsal interosseous ligaments	Ligamentos interósseos metatársicos
Middle glenohumeral ligament	Ligamento glenoumeral médio
Nuchal ligament	Ligamento nucal
Nucleus pulposus C2-C3	Núcleo pulposo C2-C3
Nucleus pulposus C3-C4	Núcleo pulposo C3-C4
Nucleus pulposus C4-C5	Núcleo pulposo C4-C5
Nucleus pulposus C5-C6	Núcleo pulposo C5-C6
